{"D_P": 1.5, "v_P": 0, "half_life_protein": 5.6, "dx": 1, "JPin": 0.01, "r_dist": [1.4079401951659813, 1.3952548671828124, 1.3826838320840944, 1.370226060108244, 1.3578805307716733, 1.3456462327851966, 1.3335221639711914, 1.3215073311815033, 1.3096007502160927, 1.2978014457424127, 1.2861084512155163, 1.2745208087988786, 1.2630375692859377, 1.251657792022339, 1.2403805448288805, 1.2292049039251547, 1.2181299538538752, 1.2071547874058874, 1.1962785055458534, 1.1855002173386078, 1.1748190398761762, 1.164234098205451, 1.1537445252565202, 1.1433494617716398, 1.133048056234849, 1.1228394648022157, 1.1127228512327147, 1.1026973868197247, 1.092762250323147, 1.0829166279021316, 1.0731597130484103, 1.063490706520233, 1.053908816276897, 1.044413257413866, 1.0350032520984749, 1.0256780295062125, 1.0164368257575807, 1.0072788838555198, 0.9982034536233986, 0.989209791643564, 0.9802971611964435, 0.9714648322001962, 0.9627120811509082, 0.9540381910633261, 0.9454424514121252, 0.9369241580737064, 0.9284826132685178, 0.9201171255038952, 0.9118270095174192, 0.9036115862207804, 0.8954701826441527, 0.8874021318810659, 0.8794067730337763, 0.8714834511591288, 0.8636315172149074, 0.8558503280066672, 0.8481392461350485, 0.8404976399435637, 0.8329248834668536, 0.8254203563794127, 0.8179834439447743, 0.8106135369651539, 0.8033100317315474, 0.7960723299742768, 0.7888998388139837, 0.7817919707130627, 0.7747481434275337, 0.767767779959346, 0.7608503085091144, 0.7539951624292799, 0.7472017801776917, 0.7404696052716088, 0.7337980862421156, 0.7271866765889479, 0.7206348347357262, 0.7141420239855921, 0.7077077124772446, 0.7013313731413726, 0.6950124836574795, 0.6887505264110975, 0.6825449884513867, 0.6763953614491166, 0.670301141655026, 0.6642618298585583, 0.6582769313469687, 0.6523459558647993, 0.6464684175737191, 0.6406438350127274, 0.6348717310587141, 0.6291516328873762, 0.6234830719344857, 0.6178655838575078, 0.6122987084975634, 0.606781989841735, 0.6013149759857133, 0.5958972190967774, 0.5905282753771119, 0.5852077050274525, 0.5799350722110594, 0.5747099450180164, 0.5695318954298497, 0.5644004992844673, 0.5593153362414136, 0.5542759897474366, 0.5492820470023663, 0.5443330989252997, 0.5394287401210907, 0.5345685688471418, 0.5297521869804958, 0.5249791999852231, 0.5202492168801032, 0.5155618502065968, 0.5109167159971078, 0.5063134337435297, 0.5017516263660763, 0.4972309201823936, 0.4927509448769488, 0.48831133347069605, 0.4839117222910151, 0.4795517509419209, 0.4752310622745417, 0.470949302357863, 0.46670612044973525, 0.46250116896814236, 0.4583341034627298, 0.4542045825865884, 0.4501122680682931, 0.44605682468419294, 0.4420379202309516, 0.4380552254983344, 0.434108414242241, 0.4301971631579809, 0.4263211518537901, 0.4224800628245858, 0.4186735814259579, 0.41490139584839497, 0.4111631970917417, 0.40745867893988774, 0.40378753793568345, 0.400149473356082, 0.3965441871875058, 0.39297138410143456, 0.3894307714302131, 0.3859220591430776, 0.3824449598223974, 0.3789991886401313, 0.3755844633344956, 0.37220050418684225, 0.36884703399874635, 0.3655237780692986, 0.36223046417260313, 0.35896682253547846, 0.3557325858153585, 0.35252748907839326, 0.34935126977774655, 0.34620366773208944, 0.3430844251042874, 0.3399932863802794, 0.3369299983481475, 0.33389431007737475, 0.33088597289829014, 0.3279047403816988, 0.3249503683186955, 0.3220226147006603, 0.3191212396994344, 0.31624600564767447, 0.31339667701938356, 0.3105730204106186, 0.3077748045203707, 0.30500180013161793, 0.30225378009254905, 0.2995305192979564, 0.2968317946707959, 0.2941573851439141, 0.2915070716419389, 0.2888806370633343, 0.28627786626261625, 0.283698546032729, 0.28114246508757984, 0.278609414044732, 0.27609918540825257, 0.27361157355171584, 0.2711463747013589, 0.26870338691938955, 0.26628241008744463, 0.263883245890197, 0.26150569779911076, 0.2591495710563423, 0.2568146726587866, 0.25450081134226754, 0.25220779756587003, 0.24993544349641425, 0.24768356299306862, 0.24545197159210247, 0.24324048649177527, 0.24104892653736257, 0.2388771122063165, 0.2367248655935602, 0.23459201039691466, 0.2324783719026567, 0.2303837769712074, 0.22830805402294926, 0.2262510330241711, 0.2242125454731398, 0.22219242438629727, 0.220190504284582, 0.2182066211798738, 0.2162406125615606, 0.21429231738322638, 0.2123615760494589, 0.21044823040277646, 0.20855212371067222, 0.2066731006527756, 0.20481100730812898, 0.2029656911425793, 0.2011370009962832, 0.1993247870713245, 0.19752890091944358, 0.1957491954298772, 0.1939855248173078, 0.19223774460992146, 0.19050571163757343, 0.18878928402006034, 0.1870883211554979, 0.1854026837088035, 0.18373223360028262, 0.1820768339943178, 0.18043634928815974, 0.17881064510081948, 0.1771995882620604, 0.17560304680148947, 0.17402088993774706, 0.17245298806779366, 0.17089921275629358, 0.16935943672509401, 0.16783353384279912, 0.16632137911443776, 0.16482284867122463, 0.16333781976041337, 0.1618661707352413, 0.16040778104496461, 0.15896253122498352, 0.15753030288705616, 0.1561109787096008, 0.15470444242808543, 0.15331057882550378, 0.15192927372293744, 0.1505604139702027, 0.14920388743658203, 0.1478595830016385, 0.14652739054611358, 0.1452072009429066, 0.14389890604813546, 0.1426023986922782, 0.14131757267139386, 0.14004432273842304, 0.1387825445945664, 0.13753213488074095, 0.13629299116911336, 0.1350650119547096, 0.13384809664710012, 0.1326421455621599, 0.1314470599139027, 0.13026274180638925, 0.12908909422570763, 0.1279260210320268, 0.1267734269517209, 0.12563121756956505, 0.12449929932100129, 0.1233775794844741, 0.12226596617383517, 0.12116436833081648, 0.12007269571757119, 0.11899085890928182, 0.11791876928683497, 0.116856339029562, 0.11580348110804521, 0.11476010927698876, 0.11372613806815392, 0.1127014827833578, 0.11168605948753534, 0.11067978500186365, 0.10968257689694855, 0.1086943534860721, 0.10771503381850143, 0.10674453767285745, 0.10578278555054355, 0.10482969866923343, 0.10388519895641768, 0.10294920904300835, 0.10202165225700124, 0.1011024526171953, 0.1001915348269686, 0.09928882426811039, 0.0983942469947087, 0.09750772972709301, 0.09662919984583157, 0.09575858538578268, 0.09489581503019967, 0.09404081810488898, 0.09319352457242085, 0.09235386502639209, 0.09152177068574077, 0.09069717338911189, 0.0898800055892739, 0.08907020034758563, 0.0882676913285129, 0.08747241279419468, 0.08668429959905809, 0.08590328718448197, 0.08512931157350863, 0.08436230936560303, 0.08360221773145937, 0.08284897440785438, 0.082102517692547, 0.08136278643922405, 0.08062972005249132, 0.07990325848290995, 0.07918334222207747, 0.07846991229775305, 0.07776291026902686, 0.07706227822153278, 0.0763679587627044, 0.0756798950170736, 0.07499803062161169, 0.07432230972111226, 0.07365267696361588, 0.0729890774958759, 0.07233145695886511, 0.07167976148332292, 0.07103393768534258, 0.0703939326619983, 0.06975969398701161, 0.06913116970645689, 0.06850830833450554, 0.06789105884920846, 0.06727937068831656, 0.06667319374513903, 0.06607247836443865, 0.06547717533836449, 0.06488723590242083, 0.0643026117314727, 0.06372325493578725, 0.06314911805711089, 0.06258015406478173, 0.062016316351877016, 0.06145755873139529, 0.060903835432472984, 0.06035510109663509, 0.0598113107740796, 0.059272419919995406, 0.05873838439091342, 0.0582091604410905, 0.05768470471892604, 0.057164974263410794, 0.056649926500607704, 0.05613951924016443, 0.05563371067185734, 0.05513245936216655, 0.05463572425088196, 0.05414346464773971, 0.05365564022908908, 0.05317221103458932, 0.05269313746393632, 0.0522183802736187, 0.05174790057370317, 0.05128165982464886, 0.05081961983415034, 0.050361742754009044, 0.049907991077032955, 0.04945832763396419, 0.04901271559043424, 0.048571118443946674, 0.04813350002088703, 0.04769982447355965, 0.047270056277251164, 0.046844160227320505, 0.04642210143631508, 0.046003845331112986, 0.04558935765009088, 0.045178604440317495, 0.0447715520547723, 0.044368167149589334, 0.04396841668132583, 0.04357226790425543, 0.04317968836768582, 0.04279064591330049, 